Level,Time,Memory,Moves
16,0.0189,0.125,1
17,0.1068,0.125,4
18,3.321,144.0234375,3
19,3.4195,117.23046875,3
