Level,Time,Memory,Moves
16,0.0383,0.0,1
17,0.0271,0.0,4
18,0.1198,3.375,5
19,0.2215,3.32421875,9
20,3.6405,181.7734375,31
21,0.3616,168.99609375,7
