Level,Time,Memory,Moves
16,0.0533,0.125,1
17,0.0414,0.25,4
18,0.2734,35.98046875,3
19,0.4213,0.0,3
20,3.9921,111.625,16
21,2.0003,108.97265625,7
