Level,Time,Memory,Moves
16,0.0447,0.375,1
17,0.5234,118.25390625,4
18,1.9452,56.75,3
19,1.8442,41.921875,3
