Level,Time,Memory,Moves
1,0.0305,0.1015625,1
2,0.0601,0.29296875,2
3,0.2424,0.78515625,6
4,0.0885,0.0078125,4
