Level,Time,Memory,Moves
1,0.0317,0.0,1
2,0.0567,0.265625,2
3,0.2329,0.03515625,6
4,0.1932,1.29296875,4
