Level,Time,Memory,Moves
16,0.0308,0.125,1
17,0.0407,0.0,4
18,0.0571,0.625,3
19,0.8915,37.97265625,7
20,1.5944,12.90234375,29
21,0.9008,14.5,15
