Level,Time,Memory,Moves
16,0.0353,0.125,1
17,0.045,0.125,4
18,0.0759,0.0,3
19,0.3867,7.125,7
20,5.9074,178.8984375,51
21,0.4789,83.94921875,17
