Level,Time,Memory,Moves
1,0.0606,0.94140625,1
2,0.1286,3.66015625,2
3,18.3487,564.66796875,4
4,2.5842,505.84375,4
