Level,Time,Memory,Moves
16,0.049,0.125,1
17,0.0478,0.125,4
18,0.0632,0.375,3
19,0.7548,113.95703125,7
20,4.8335,49.25,37
21,0.9776,46.921875,15
