Level,Time,Memory,Moves
16,0.0704,0.0,1
17,0.0446,0.25,4
18,0.0781,0.625,3
19,1.1454,37.625,7
20,9.2324,332.5234375,29
21,2.4311,229.96484375,15
