Level,Time,Memory,Moves
1,0.0423,0.1171875,1
2,0.0647,0.3203125,2
3,0.2389,0.53125,6
4,0.087,0.01171875,4
