Level,Time,Memory,Moves
16,0.1015,0.875,1
17,1.4995,530.90234375,4
18,6.9876,293.7421875,3
19,6.7167,260.56640625,3
